full_name,stars,watchers,forks,stars_delta,watchers_delta,forks_delta,url
anthropics/claude-code,83240,83240,7000,102,102,10,https://github.com/anthropics/claude-code
affaan-m/everything-claude-code,110479,110479,14416,510,510,62,https://github.com/affaan-m/everything-claude-code
shareAI-lab/learn-claude-code,39945,39945,6228,278,278,32,https://github.com/shareAI-lab/learn-claude-code
hesreallyhim/awesome-claude-code,32857,32857,2308,127,127,10,https://github.com/hesreallyhim/awesome-claude-code
musistudio/claude-code-router,30482,30482,2361,5,5,0,https://github.com/musistudio/claude-code-router
davila7/claude-code-templates,23637,23637,2279,16,16,0,https://github.com/davila7/claude-code-templates
shanraisshan/claude-code-best-practice,22381,22381,1937,94,94,6,https://github.com/shanraisshan/claude-code-best-practice
VoltAgent/awesome-claude-code-subagents,15289,15289,1713,25,25,1,https://github.com/VoltAgent/awesome-claude-code-subagents
anthropics/claude-code-action,6638,6638,1602,13,13,1,https://github.com/anthropics/claude-code-action
diet103/claude-code-infrastructure-showcase,9352,9352,1197,6,6,0,https://github.com/diet103/claude-code-infrastructure-showcase
frankbria/ralph-claude-code,8204,8204,595,5,5,2,https://github.com/frankbria/ralph-claude-code
Piebald-AI/claude-code-system-prompts,6802,6802,920,27,27,1,https://github.com/Piebald-AI/claude-code-system-prompts
Donchitos/Claude-Code-Game-Studios,6222,6222,845,277,277,39,https://github.com/Donchitos/Claude-Code-Game-Studios
ykdojo/claude-code-tips,6792,6792,465,14,14,0,https://github.com/ykdojo/claude-code-tips
OneRedOak/claude-code-workflows,3746,3746,551,2,2,0,https://github.com/OneRedOak/claude-code-workflows
ChrisWiles/claude-code-showcase,5586,5586,489,3,3,0,https://github.com/ChrisWiles/claude-code-showcase
pedrohcgs/claude-code-my-workflow,768,768,1450,1,1,9,https://github.com/pedrohcgs/claude-code-my-workflow
1rgs/claude-code-proxy,3311,3311,433,1,1,0,https://github.com/1rgs/claude-code-proxy
disler/claude-code-hooks-mastery,3416,3416,587,1,1,0,https://github.com/disler/claude-code-hooks-mastery
zebbern/claude-code-guide,3732,3732,345,3,3,0,https://github.com/zebbern/claude-code-guide
kodu-ai/claude-coder,5286,5286,197,-1,-1,0,https://github.com/kodu-ai/claude-coder
Yuyz0112/claude-code-reverse,2277,2277,377,1,1,0,https://github.com/Yuyz0112/claude-code-reverse
qwibitai/nanoclaw,25634,25634,9013,35,35,66,https://github.com/qwibitai/nanoclaw
anthropics/skills,103874,103874,11437,193,193,33,https://github.com/anthropics/skills
Maciek-roboblog/Claude-Code-Usage-Monitor,7148,7148,347,0,0,0,https://github.com/Maciek-roboblog/Claude-Code-Usage-Monitor
fuergaosi233/claude-code-proxy,2256,2256,316,2,2,0,https://github.com/fuergaosi233/claude-code-proxy
anthropics/claude-code-security-review,4012,4012,338,4,4,0,https://github.com/anthropics/claude-code-security-review
RichardAtCT/claude-code-telegram,2257,2257,291,0,0,1,https://github.com/RichardAtCT/claude-code-telegram
Cranot/claude-code-guide,2529,2529,263,2,2,0,https://github.com/Cranot/claude-code-guide
anthropics/claude-code-base-action,699,699,588,19,19,0,https://github.com/anthropics/claude-code-base-action
ding113/claude-code-hub,2133,2133,247,3,3,1,https://github.com/ding113/claude-code-hub
FlorianBruniaux/claude-code-ultimate-guide,2299,2299,336,9,9,0,https://github.com/FlorianBruniaux/claude-code-ultimate-guide
router-for-me/CLIProxyAPI,20467,20467,3324,52,52,7,https://github.com/router-for-me/CLIProxyAPI
edmund-io/edmunds-claude-code,1357,1357,279,2,2,0,https://github.com/edmund-io/edmunds-claude-code
sickn33/antigravity-awesome-skills,27648,27648,4651,53,53,8,https://github.com/sickn33/antigravity-awesome-skills
https-deeplearning-ai/sc-claude-code-files,464,464,626,0,0,0,https://github.com/https-deeplearning-ai/sc-claude-code-files
wshobson/agents,32336,32336,3527,21,21,1,https://github.com/wshobson/agents
Pimzino/claude-code-spec-workflow,3582,3582,251,0,0,0,https://github.com/Pimzino/claude-code-spec-workflow
obra/superpowers,116004,116004,9300,624,624,63,https://github.com/obra/superpowers
snarktank/ralph,13830,13830,1416,14,14,0,https://github.com/snarktank/ralph
zhukunpenglinyutong/idea-claude-code-gui,2189,2189,250,6,6,2,https://github.com/zhukunpenglinyutong/idea-claude-code-gui
wanshuiyin/Auto-claude-code-research-in-sleep,4273,4273,343,30,30,1,https://github.com/wanshuiyin/Auto-claude-code-research-in-sleep
carlvellotti/claude-code-pm-course,1679,1679,254,1,1,0,https://github.com/carlvellotti/claude-code-pm-course
feiskyer/claude-code-settings,1370,1370,203,0,0,0,https://github.com/feiskyer/claude-code-settings
eyaltoledano/claude-task-master,26213,26213,2461,8,8,2,https://github.com/eyaltoledano/claude-task-master
sugyan/claude-code-webui,982,982,227,0,0,0,https://github.com/sugyan/claude-code-webui
siteboon/claudecodeui,8998,8998,1151,11,11,1,https://github.com/siteboon/claudecodeui
anthropics/claude-plugins-official,14882,14882,1577,37,37,8,https://github.com/anthropics/claude-plugins-official
bfly123/claude_code_bridge,1889,1889,172,7,7,0,https://github.com/bfly123/claude_code_bridge
centminmod/my-claude-code-setup,2110,2110,211,5,5,2,https://github.com/centminmod/my-claude-code-setup
ghuntley/claude-code-source-code-deobfuscation,871,871,424,0,0,1,https://github.com/ghuntley/claude-code-source-code-deobfuscation
lst97/claude-code-sub-agents,1490,1490,234,0,0,0,https://github.com/lst97/claude-code-sub-agents
darcyegb/ClaudeCodeAgents,627,627,55,1,1,0,https://github.com/darcyegb/ClaudeCodeAgents
nishimoto265/Claude-Code-Communication,495,495,237,0,0,0,https://github.com/nishimoto265/Claude-Code-Communication
slopus/happy,16255,16255,1298,13,13,0,https://github.com/slopus/happy
trailofbits/claude-code-config,1681,1681,130,5,5,0,https://github.com/trailofbits/claude-code-config
Njengah/claude-code-cheat-sheet,1489,1489,188,0,0,0,https://github.com/Njengah/claude-code-cheat-sheet
alirezarezvani/claude-skills,7201,7201,861,71,71,7,https://github.com/alirezarezvani/claude-skills
catlog22/Claude-Code-Workflow,1597,1597,134,2,2,1,https://github.com/catlog22/Claude-Code-Workflow
rizethereum/claude-code-requirements-builder,1759,1759,173,0,0,0,https://github.com/rizethereum/claude-code-requirements-builder
andrepimenta/claude-code-chat,1009,1009,156,0,0,0,https://github.com/andrepimenta/claude-code-chat
simonw/claude-code-transcripts,1255,1255,140,44,44,1,https://github.com/simonw/claude-code-transcripts
Alishahryar1/free-claude-code,1158,1158,143,2,2,0,https://github.com/Alishahryar1/free-claude-code
KimYx0207/Claude-Code-x-OpenClaw-Guide-Zh,2422,2422,405,9,9,1,https://github.com/KimYx0207/Claude-Code-x-OpenClaw-Guide-Zh
rohitg00/awesome-claude-code-toolkit,909,909,223,2,2,2,https://github.com/rohitg00/awesome-claude-code-toolkit
farion1231/cc-switch,33996,33996,2035,91,91,4,https://github.com/farion1231/cc-switch
steipete/claude-code-mcp,1201,1201,148,0,0,0,https://github.com/steipete/claude-code-mcp
jeremylongshore/claude-code-plugins-plus-skills,1724,1724,221,2,2,0,https://github.com/jeremylongshore/claude-code-plugins-plus-skills
disler/claude-code-hooks-multi-agent-observability,1303,1303,360,1,1,0,https://github.com/disler/claude-code-hooks-multi-agent-observability
JessyTsui/Claude-Code-Remote,1187,1187,128,0,0,0,https://github.com/JessyTsui/Claude-Code-Remote
0xfurai/claude-code-subagents,797,797,143,0,0,0,https://github.com/0xfurai/claude-code-subagents
jarrodwatts/claude-code-config,998,998,125,0,0,0,https://github.com/jarrodwatts/claude-code-config
pchalasani/claude-code-tools,1620,1620,104,1,1,0,https://github.com/pchalasani/claude-code-tools
peterkrueck/Claude-Code-Development-Kit,1332,1332,151,0,0,0,https://github.com/peterkrueck/Claude-Code-Development-Kit
d-kimuson/claude-code-viewer,1007,1007,117,0,0,0,https://github.com/d-kimuson/claude-code-viewer
winfunc/opcode,21132,21132,1625,9,9,2,https://github.com/winfunc/opcode
alirezarezvani/claude-code-tresor,648,648,142,0,0,0,https://github.com/alirezarezvani/claude-code-tresor
Yeachan-Heo/oh-my-claudecode,12759,12759,846,385,385,18,https://github.com/Yeachan-Heo/oh-my-claudecode
revfactory/claude-code-mastering,765,765,123,0,0,0,https://github.com/revfactory/claude-code-mastering
anthropics/claude-agent-sdk-demos,1919,1919,283,18,18,1,https://github.com/anthropics/claude-agent-sdk-demos
ComposioHQ/awesome-claude-skills,48249,48249,4964,84,84,6,https://github.com/ComposioHQ/awesome-claude-skills
cixingguangming55555/wechat-bot,2531,2531,662,0,0,0,https://github.com/cixingguangming55555/wechat-bot
wasabeef/claude-code-cookbook,1048,1048,111,0,0,0,https://github.com/wasabeef/claude-code-cookbook
jarrodwatts/claude-hud,13832,13832,565,122,122,1,https://github.com/jarrodwatts/claude-hud
timothywarner-org/claude-code,204,204,31,0,0,0,https://github.com/timothywarner-org/claude-code
ccplugins/awesome-claude-code-plugins,647,647,160,0,0,1,https://github.com/ccplugins/awesome-claude-code-plugins
daymade/claude-code-skills,730,730,110,2,2,0,https://github.com/daymade/claude-code-skills
code-yeongyu/oh-my-openagent,43862,43862,3253,65,65,6,https://github.com/code-yeongyu/oh-my-openagent
kepano/obsidian-skills,17342,17342,1001,82,82,8,https://github.com/kepano/obsidian-skills
ericbuess/claude-code-docs,754,754,104,-1,-1,0,https://github.com/ericbuess/claude-code-docs
disler/pi-vs-claude-code,554,554,161,-1,-1,0,https://github.com/disler/pi-vs-claude-code
severity1/claude-code-prompt-improver,1312,1312,111,1,1,0,https://github.com/severity1/claude-code-prompt-improver
MadAppGang/claude-code,247,247,26,0,0,0,https://github.com/MadAppGang/claude-code
anthropics/claude-agent-sdk-python,5867,5867,788,35,35,6,https://github.com/anthropics/claude-agent-sdk-python
greggh/claude-code.nvim,1959,1959,63,0,0,0,https://github.com/greggh/claude-code.nvim
lyconear/Claude-Code,4,4,149,0,0,0,https://github.com/lyconear/Claude-Code
bytedance/deer-flow,48631,48631,5797,522,522,68,https://github.com/bytedance/deer-flow
numman-ali/openskills,9256,9256,588,4,4,1,https://github.com/numman-ali/openskills
PleasePrompto/notebooklm-skill,5126,5126,533,19,19,1,https://github.com/PleasePrompto/notebooklm-skill
anomalyco/opencode,130980,130980,13935,130980,130980,13935,https://github.com/anomalyco/opencode
